first_name	last_name	email
Rafid	Abdullah	rafid1313@gmail.com
Masfi	Hasnin	Hasninmasfi2913@gmail.com
Nayan	Abir	Abirnayan0308@gmail.com
Abdullah	Barek	Barekafjahf90803@gmail.com
Hassan	Poddar	poddarshah2010@gmail.com
kanak	Hasan	kanakshah201@gmail.com
Jarin	Iben	ibnejarin1313@gmail.com
